{
  "project_info": {
    "project_number": "616147744231",
    "firebase_url": "https://squadup-646f3-default-rtdb.firebaseio.com",
    "project_id": "squadup-646f3",
    "storage_bucket": "squadup-646f3.appspot.com"
  },
  "client": [
    {
      "client_info": {
        "mobilesdk_app_id": "1:616147744231:android:b136d22b52002bfdc97942",
        "android_client_info": {
          "package_name": "com.example.squadup"
        }
      },
      "oauth_client": [],
      "api_key": [
        {
          "current_key": "AIzaSyCZX-55H9hYhYQIMjSn7zwYaoD_ppaPNG8"
        }
      ],
      "services": {
        "appinvite_service": {
          "other_platform_oauth_client": []
        }
      }
    }
  ],
  "configuration_version": "1"
}