{
  "project_info": {
    "project_number": "817577304805",
    "project_id": "squadup-236c2",
    "storage_bucket": "squadup-236c2.appspot.com"
  },
  "client": [
    {
      "client_info": {
        "mobilesdk_app_id": "1:817577304805:android:f37c99708e088a2420ea0c",
        "android_client_info": {
          "package_name": "com.example.squadup"
        }
      },
      "oauth_client": [],
      "api_key": [
        {
          "current_key": "AIzaSyAuu-z8sChUqSDNugON2Q8KWBCKTTbwVAQ"
        }
      ],
      "services": {
        "appinvite_service": {
          "other_platform_oauth_client": []
        }
      }
    }
  ],
  "configuration_version": "1"
}